name,vorname,26.08.2023,27.08.2023,platz,email,tel,Straße,plz,haus,rech,cc,AnzahlDerPersonen,Unterkunftstyp,Kosten
name,vorname,26.08.2023,27.08.2023,platz,email,tel,Straße,plz,haus,rech,cc,AnzahlDerPersonen,Unterkunftstyp,Kosten
Bush,George,26.08.2023,31.08.2023,TwinTowers,bushdid@911.com,Telefon,Square,1234,9/11,Nordtower,cc,AnzahlDerPersonen,Unterkunftstyp,Kosten
name,vorname,26.08.2023,27.08.2023,platz,email,tel,Straße,plz,haus,rech,cc,AnzahlDerPersonen,Unterkunftstyp,Kosten
name,vorname,26.08.2023,27.08.2023,platz,email,tel,Straße,plz,haus,rech,cc,AnzahlDerPersonen,Unterkunftstyp,Kosten
Bush,George,26.08.2023,31.08.2023,TwinTowers,bushdid@911.com,Telefon,Square,1234,9/11,Nordtower,cc,AnzahlDerPersonen,Unterkunftstyp,Kosten
name,vorname,26.08.2023,27.08.2023,platz,email,tel,Straße,plz,haus,rech,cc,AnzahlDerPersonen,Unterkunftstyp,Kosten
name,vorname,26.08.2023,27.08.2023,platz,email,tel,Straße,plz,haus,rech,cc,AnzahlDerPersonen,Unterkunftstyp,Kosten
Bush,George,26.08.2023,31.08.2023,TwinTowers,bushdid@911.com,Telefon,Square,1234,9/11,Nordtower,cc,AnzahlDerPersonen,Unterkunftstyp,Kosten
name,vorname,26.08.2023,27.08.2023,platz,email,tel,Straße,plz,haus,rech,cc,AnzahlDerPersonen,Unterkunftstyp,Kosten
name,vorname,26.08.2023,27.08.2023,platz,email,tel,Straße,plz,haus,rech,cc,AnzahlDerPersonen,Unterkunftstyp,Kosten
Bush,George,26.08.2023,31.08.2023,TwinTowers,bushdid@911.com,Telefon,Square,1234,9/11,Nordtower,cc,AnzahlDerPersonen,Unterkunftstyp,Kosten
name,vorname,26.08.2023,27.08.2023,platz,email,tel,Straße,plz,haus,rech,cc,AnzahlDerPersonen,Unterkunftstyp,Kosten
name,vorname,26.08.2023,27.08.2023,platz,email,tel,Straße,plz,haus,rech,cc,AnzahlDerPersonen,Unterkunftstyp,Kosten
Bush,George,26.08.2023,31.08.2023,TwinTowers,bushdid@911.com,Telefon,Square,1234,9/11,Nordtower,cc,AnzahlDerPersonen,Unterkunftstyp,Kosten
name,vorname,26.08.2023,27.08.2023,platz,email,tel,Straße,plz,haus,rech,cc,AnzahlDerPersonen,Unterkunftstyp,Kosten
name,vorname,26.08.2023,27.08.2023,platz,email,tel,Straße,plz,haus,rech,cc,AnzahlDerPersonen,Unterkunftstyp,Kosten
Bush,George,26.08.2023,31.08.2023,TwinTowers,bushdid@911.com,Telefon,Square,1234,9/11,Nordtower,cc,AnzahlDerPersonen,Unterkunftstyp,Kosten
name,vorname,26.08.2023,27.08.2023,platz,email,tel,Straße,plz,haus,rech,cc,AnzahlDerPersonen,Unterkunftstyp,Kosten
name,vorname,26.08.2023,27.08.2023,platz,email,tel,Straße,plz,haus,rech,cc,AnzahlDerPersonen,Unterkunftstyp,Kosten
Bush,George,26.08.2023,31.08.2023,TwinTowers,bushdid@911.com,Telefon,Square,1234,9/11,Nordtower,cc,AnzahlDerPersonen,Unterkunftstyp,Kosten
name,vorname,26.08.2023,27.08.2023,platz,email,tel,Straße,plz,haus,rech,cc,AnzahlDerPersonen,Unterkunftstyp,Kosten
name,vorname,26.08.2023,27.08.2023,platz,email,tel,Straße,plz,haus,rech,cc,AnzahlDerPersonen,Unterkunftstyp,Kosten
Bush,George,26.08.2023,31.08.2023,TwinTowers,bushdid@911.com,Telefon,Square,1234,9/11,Nordtower,cc,AnzahlDerPersonen,Unterkunftstyp,Kosten
name,vorname,26.08.2023,27.08.2023,platz,email,tel,Straße,plz,haus,rech,cc,AnzahlDerPersonen,Unterkunftstyp,Kosten
name,vorname,26.08.2023,27.08.2023,platz,email,tel,Straße,plz,haus,rech,cc,AnzahlDerPersonen,Unterkunftstyp,Kosten
Bush,George,26.08.2023,31.08.2023,TwinTowers,bushdid@911.com,Telefon,Square,1234,9/11,Nordtower,cc,AnzahlDerPersonen,Unterkunftstyp,Kosten
name,vorname,26.08.2023,27.08.2023,platz,email,tel,Straße,plz,haus,rech,cc,AnzahlDerPersonen,Unterkunftstyp,Kosten
name,vorname,26.08.2023,27.08.2023,platz,email,tel,Straße,plz,haus,rech,cc,AnzahlDerPersonen,Unterkunftstyp,Kosten
Bush,George,26.08.2023,31.08.2023,TwinTowers,bushdid@911.com,Telefon,Square,1234,9/11,Nordtower,cc,AnzahlDerPersonen,Unterkunftstyp,Kosten
name,vorname,26.08.2023,27.08.2023,platz,email,tel,Straße,plz,haus,rech,cc,AnzahlDerPersonen,Unterkunftstyp,Kosten
name,vorname,26.08.2023,27.08.2023,platz,email,tel,Straße,plz,haus,rech,cc,AnzahlDerPersonen,Unterkunftstyp,Kosten
Bush,George,26.08.2023,31.08.2023,TwinTowers,bushdid@911.com,Telefon,Square,1234,9/11,Nordtower,cc,AnzahlDerPersonen,Unterkunftstyp,Kosten
name,vorname,26.08.2023,27.08.2023,platz,email,tel,Straße,plz,haus,rech,cc,AnzahlDerPersonen,Unterkunftstyp,Kosten
name,vorname,26.08.2023,27.08.2023,platz,email,tel,Straße,plz,haus,rech,cc,AnzahlDerPersonen,Unterkunftstyp,Kosten
Bush,George,26.08.2023,31.08.2023,TwinTowers,bushdid@911.com,Telefon,Square,1234,9/11,Nordtower,cc,AnzahlDerPersonen,Unterkunftstyp,Kosten
name,vorname,26.08.2023,27.08.2023,platz,email,tel,Straße,plz,haus,rech,cc,AnzahlDerPersonen,Unterkunftstyp,Kosten
name,vorname,26.08.2023,27.08.2023,platz,email,tel,Straße,plz,haus,rech,cc,AnzahlDerPersonen,Unterkunftstyp,Kosten
Bush,George,26.08.2023,31.08.2023,TwinTowers,bushdid@911.com,Telefon,Square,1234,9/11,Nordtower,cc,AnzahlDerPersonen,Unterkunftstyp,Kosten
